{
    "openapi": "3.0.3",
    "info": {
        "title": "Contact API",
        "description": "Contact API",
        "version": "1.0.0"
    },
    "servers": [
        {
            "url": "http://localhost:8000"
        }
    ],
    "paths": {
        "/api/contacts": {
            "post": {
                "description": "Create new contact",
                "parameters": [
                    {
                        "name": "Authorization",
                        "in": "header"
                    }
                ],
                "requestBody": {
                    "description": "Create new contact",
                    "content": {
                        "application/json": {
                            "schema": {
                                "type": "object",
                                "properties": {
                                    "first_name": {
                                        "type": "string"
                                    },
                                    "last_name": {
                                        "type": "string"
                                    },
                                    "email": {
                                        "type": "string"
                                    },
                                    "phone": {
                                        "type": "string"
                                    }
                                }
                            }
                        }
                    }
                },
                "responses": {
                    "201": {
                        "description": "Success create contact",
                        "content": {
                            "application/json": {
                                "schema": {
                                    "type": "object",
                                    "properties": {
                                        "data": {
                                            "type": "object",
                                            "properties": {
                                                "id": {
                                                    "type": "number"
                                                },
                                                "first_name": {
                                                    "type": "string"
                                                },
                                                "last_name": {
                                                    "type": "string"
                                                },
                                                "email": {
                                                    "type": "string"
                                                },
                                                "phone": {
                                                    "type": "string"
                                                }
                                            }
                                        },
                                        "errors": {
                                            "type": "object"
                                        }
                                    }
                                }
                            }
                        }
                    }
                }
            },
            "get": {
                "description": "Search contact",
                "parameters": [
                    {
                        "name": "Authorization",
                        "in": "header"
                    },
                    {
                        "name": "name",
                        "in": "query"
                    },
                    {
                        "name": "phone",
                        "in": "query"
                    },
                    {
                        "name": "email",
                        "in": "query"
                    },
                    {
                        "name": "size",
                        "in": "query"
                    },
                    {
                        "name": "page",
                        "in": "query"
                    }
                ],
                "responses": {
                    "200": {
                        "description": "Success search contacts",
                        "content": {
                            "application/json": {
                                "schema": {
                                    "type": "object",
                                    "properties": {
                                        "data": {
                                            "type": "array",
                                            "items": {
                                                "type": "object",
                                                "properties": {
                                                    "id": {
                                                        "type": "number"
                                                    },
                                                    "first_name": {
                                                        "type": "string"
                                                    },
                                                    "last_name": {
                                                        "type": "string"
                                                    },
                                                    "email": {
                                                        "type": "string"
                                                    },
                                                    "phone": {
                                                        "type": "string"
                                                    }
                                                }
                                            }
                                        },
                                        "errors": {
                                            "type": "object"
                                        },
                                        "meta": {
                                            "type": "object"
                                        }
                                    }
                                }
                            }
                        }
                    }
                }
            }
        },
        "/api/contacts/{id}": {
            "put": {
                "description": "Update contact",
                "parameters": [
                    {
                        "name": "Authorization",
                        "in": "header"
                    },
                    {
                        "name": "id",
                        "in": "path"
                    }
                ],
                "requestBody": {
                    "description": "Update contact",
                    "content": {
                        "application/json": {
                            "schema": {
                                "type": "object",
                                "properties": {
                                    "first_name": {
                                        "type": "string"
                                    },
                                    "last_name": {
                                        "type": "string"
                                    },
                                    "email": {
                                        "type": "string"
                                    },
                                    "phone": {
                                        "type": "string"
                                    }
                                }
                            }
                        }
                    }
                },
                "responses": {
                    "200": {
                        "description": "Success update contact",
                        "content": {
                            "application/json": {
                                "schema": {
                                    "type": "object",
                                    "properties": {
                                        "data": {
                                            "type": "object",
                                            "properties": {
                                                "id": {
                                                    "type": "number"
                                                },
                                                "first_name": {
                                                    "type": "string"
                                                },
                                                "last_name": {
                                                    "type": "string"
                                                },
                                                "email": {
                                                    "type": "string"
                                                },
                                                "phone": {
                                                    "type": "string"
                                                }
                                            }
                                        },
                                        "errors": {
                                            "type": "object"
                                        }
                                    }
                                }
                            }
                        }
                    }
                }
            },
            "get": {
                "description": "Get contact",
                "parameters": [
                    {
                        "name": "Authorization",
                        "in": "header"
                    },
                    {
                        "name": "id",
                        "in": "path"
                    }
                ],
                "responses": {
                    "200": {
                        "description": "Success get contact",
                        "content": {
                            "application/json": {
                                "schema": {
                                    "type": "object",
                                    "properties": {
                                        "data": {
                                            "type": "object",
                                            "properties": {
                                                "id": {
                                                    "type": "number"
                                                },
                                                "first_name": {
                                                    "type": "string"
                                                },
                                                "last_name": {
                                                    "type": "string"
                                                },
                                                "email": {
                                                    "type": "string"
                                                },
                                                "phone": {
                                                    "type": "string"
                                                }
                                            }
                                        },
                                        "errors": {
                                            "type": "object"
                                        }
                                    }
                                }
                            }
                        }
                    }
                }
            },
            "delete": {
                "description": "Remove contact",
                "parameters": [
                    {
                        "name": "Authorization",
                        "in": "header"
                    },
                    {
                        "name": "id",
                        "in": "path"
                    }
                ],
                "responses": {
                    "200": {
                        "description": "Success delete contact",
                        "content": {
                            "application/json": {
                                "schema": {
                                    "type": "object",
                                    "properties": {
                                        "data": {
                                            "type": "boolean"
                                        },
                                        "errors": {
                                            "type": "object"
                                        }
                                    }
                                }
                            }
                        }
                    }
                }
            }
        }
    }
}
